meslek_kodu,meslek_tanim,normalized_meslek,sektor_kodu,sektor_tanim,nace_codes,nace_count
A.01,İkinci el eşya ticareti,ikinci el eşya ticareti,D|F,AĞAÇ İŞLERİ,47.79.04|47.79.90|47.92.00|77.22.99,4
A.02,Kerestecilik,kerestecilik,D,AĞAÇ İŞLERİ,02.40.01|02.40.02|16.11.01|16.12.00|46.13.02|46.83.02|46.83.12|47.52.10,8
A.03,Marangozluk,marangozluk,A|D|J,AĞAÇ İŞLERİ,16.11.02|16.11.03|16.11.04|16.21.01|16.21.02|16.22.01|16.23.99|16.24.02|16.24.90|16.25.00|16.27.00|16.28.01|16.28.02|16.28.03|16.28.04|16.28.05|16.28.06|16.28.99|25.63.03|32.99.07|32.99.11|32.99.16|46.49.05|46.49.25|46.83.14|46.83.20|47.52.17|47.52.22|47.55.04,29
A.04,Mobilya boyacılığı,mobilya boyacılığı,D,AĞAÇ İŞLERİ,31.00.06,1
A.05,Mobilya döşemeciliği,mobilya döşemeciliği,D|K,AĞAÇ İŞLERİ,31.00.05|31.00.08|95.24.01,3
A.06,Mobilya imalatı,mobilya imalatı,K,AĞAÇ İŞLERİ,31.00.01|31.00.02|31.00.03|31.00.04|31.00.07|31.00.90|43.32.01,7
A.07,Mobilya ticareti,mobilya ticareti,D|H|K,AĞAÇ İŞLERİ,46.15.01|46.47.01|46.47.04|47.55.03|47.55.06|47.55.07|47.55.08|77.33.02,8
A.08,"Yakacak imalatı, ticareti",yakacak imalatı ticareti,D,AĞAÇ İŞLERİ,02.20.01|16.26.00|19.20.12|46.81.03|47.78.02|47.78.31,6
B.01,"Ajans, organizasyon faaliyetleri",ajans organizasyon faaliyetleri,D,"EĞLENCE, DİNLENME, ORGANİZASYON",74.99.01|77.39.99|78.10.04|79.90.99|82.30.02|82.40.01|90.20.01|90.39.90|93.19.02|93.29.12,10
B.02,Düğün salonu işletmeciliği,düğün salonu işletmeciliği,D,"EĞLENCE, DİNLENME, ORGANİZASYON",93.29.02|96.99.14|96.99.15,3
B.03,Eğlence yerleri işletmeciliği,eğlence yerleri işletmeciliği,D,"EĞLENCE, DİNLENME, ORGANİZASYON",59.14.02|90.20.04|93.21.01|93.29.01|93.29.10|93.29.99,6
B.04,Gazinoculuk,gazinoculuk,D,"EĞLENCE, DİNLENME, ORGANİZASYON",56.30.04|56.30.05,2
B.05,"Kahvehanecilik, kıraathanecilik",kahvehanecilik kıraathanecilik,D,"EĞLENCE, DİNLENME, ORGANİZASYON",56.30.02|56.30.90,2
B.06,Lokal işletmeciliği,lokal işletmeciliği,D,"EĞLENCE, DİNLENME, ORGANİZASYON",56.30.03,1
B.07,"Otel, pansiyon, yurt işletmeciliği",otel pansiyon yurt işletmeciliği,D,"EĞLENCE, DİNLENME, ORGANİZASYON",55.10.02|55.10.05|55.20.01|55.20.03|55.20.04|55.30.36|55.90.01|55.90.90|91.22.00,9
B.08,"Oyun salonu, internet kafe işletmeciliği",oyun salonu internet kafe işletmeciliği,D,"EĞLENCE, DİNLENME, ORGANİZASYON",61.90.05|93.29.03|93.29.08|93.29.11,4
B.09,"Ses, sahne sanatçılığı",ses sahne sanatçılığı,D,"EĞLENCE, DİNLENME, ORGANİZASYON",90.20.02|90.20.03|90.20.99,3
B.10,Şans oyunları bayiliği,şans oyunları bayiliği,D,"EĞLENCE, DİNLENME, ORGANİZASYON",92.00.01|92.00.02,2
C.01,"Asansör, yürüyen merdiven kurulumu, bakımı, onarımı",asansör yürüyen merdiven kurulumu bakımı onarımı,D,"ELEKTRİK, ELEKTRONİK, BİLGİSAYAR",43.24.01,1
C.02,Beyaz eşya onarımı,beyaz eşya onarımı,D,"ELEKTRİK, ELEKTRONİK, BİLGİSAYAR",95.22.01,1
C.03,Beyaz eşya ticareti,beyaz eşya ticareti,D,"ELEKTRİK, ELEKTRONİK, BİLGİSAYAR",46.43.01|47.54.01,2
C.04,"Bilgisayar kurulumu, onarımı, programlama, veri kurtarma",bilgisayar kurulumu onarımı programlama veri kurtarma,D,"ELEKTRİK, ELEKTRONİK, BİLGİSAYAR",18.20.03|58.21.01|58.29.01|60.39.01|60.39.09|62.10.00|62.20.00|62.90.01|62.90.99|63.10.00|63.91.02|95.10.01|95.10.03|95.10.04,14
C.05,"Elektrik makineleri imalatı, kurulumu, onarımı",elektrik makineleri imalatı kurulumu onarımı,D,"ELEKTRİK, ELEKTRONİK, BİLGİSAYAR",27.11.01|27.11.03|27.90.05|33.14.01|33.14.02|33.20.51,6
C.06,"Elektrik malzemeleri imalatı, ticareti",elektrik malzemeleri imalatı ticareti,D,"ELEKTRİK, ELEKTRONİK, BİLGİSAYAR",23.43.01|27.12.01|27.12.02|27.33.00|27.40.02|27.40.03|27.40.04|27.40.05|27.40.99|27.90.99|29.31.05|46.47.03|46.64.03|46.64.09|46.64.15|47.54.03|47.55.02,17
C.07,"Elektrik sistemleri imalatı, kurulumu, onarımı",elektrik sistemleri imalatı kurulumu onarımı,D,"ELEKTRİK, ELEKTRONİK, BİLGİSAYAR",33.14.90|33.20.53,2
C.08,Elektrik tesisatçılığı,elektrik tesisatçılığı,D,"ELEKTRİK, ELEKTRONİK, BİLGİSAYAR",35.11.00|35.12.00|43.21.01,3
C.09,"Elektrikli ev aletleri imalatı, onarımı",elektrikli ev aletleri imalatı onarımı,D|E,"ELEKTRİK, ELEKTRONİK, BİLGİSAYAR",27.51.02|27.51.04|27.51.05|27.51.07|27.51.08|27.51.99|95.29.99,7
C.10,Elektrikli ev aletleri ticareti,elektrikli ev aletleri ticareti,D|E,"ELEKTRİK, ELEKTRONİK, BİLGİSAYAR",46.43.90|47.54.99,2
C.11,"Elektronik ürün imalatı, onarımı",elektronik ürün imalatı onarımı,E|F,"ELEKTRİK, ELEKTRONİK, BİLGİSAYAR",26.11.04|26.11.06|26.11.99|26.12.01|26.30.03|26.30.05|26.40.10|26.40.99|26.51.03|26.51.04|26.51.05|26.51.06|26.51.07|26.51.08|26.51.09|26.51.11|26.51.12|26.51.13|26.51.99|28.23.00|28.29.08|33.12.07|33.12.18|33.13.01|33.13.02|33.13.05|33.13.90|35.14.02|35.15.01|35.22.02|36.00.03|95.21.01,32
C.12,Elektronik ürün ticareti,elektronik ürün ticareti,E|G,"ELEKTRİK, ELEKTRONİK, BİLGİSAYAR",46.14.01|46.15.03|46.43.09|46.50.01|46.50.03|46.50.90|46.64.13|47.40.01|47.40.03|77.33.01|77.33.03,11
C.13,E-ticaret,e ticaret,G,"ELEKTRİK, ELEKTRONİK, BİLGİSAYAR",47.91.14,1
C.14,Güvenlik sistemleri hizmetleri,güvenlik sistemleri hizmetleri,E,"ELEKTRİK, ELEKTRONİK, BİLGİSAYAR",26.30.09|26.51.01|46.43.08|80.09.99,4
C.15,"Kayıtlı medyaların imalatı, kiralanması, ticareti",kayıtlı medyaların imalatı kiralanması ticareti,E,"ELEKTRİK, ELEKTRONİK, BİLGİSAYAR",18.20.02|26.70.20|26.70.21|26.70.99|47.69.02|77.22.01|77.39.07,7
C.16,Telekomünikasyon cihazları onarımı,telekomünikasyon cihazları onarımı,E,"ELEKTRİK, ELEKTRONİK, BİLGİSAYAR",42.22.05|95.10.02,2
C.17,Telekomünikasyon cihazları ticareti,telekomünikasyon cihazları ticareti,E,"ELEKTRİK, ELEKTRONİK, BİLGİSAYAR",46.50.02|47.40.02|61.20.04,3
D.01,"Aktar ürünleri imalatı, ticareti",aktar ürünleri imalatı ticareti,E,"GIDA, TARIM",10.83.01|10.83.02|10.83.03|10.83.04|10.84.01|46.37.01|46.37.02|46.37.03|47.27.04,9
D.02,Arıcılık,arıcılık,E,"GIDA, TARIM",01.48.01,1
D.03,"Bakkallık, bayilik, büfecilik",bakkallık bayilik büfecilik,A|E|F,"GIDA, TARIM",11.07.03|35.30.22|46.17.01|46.34.03|46.36.03|46.38.03|46.38.04|46.38.05|46.38.99|46.39.03|47.11.01|47.11.05|47.11.99|47.21.02|47.25.01|47.25.03|47.26.01|47.26.02|47.27.03|47.27.08|47.27.99|47.62.03|56.11.12,23
D.04,Balıkçılık,balıkçılık,A|K,"GIDA, TARIM",03.11.01|03.11.02|03.12.01|03.21.01|03.21.02|03.22.01|03.22.02|10.20.03|10.20.04|10.20.05|10.20.07|10.20.08|46.32.05|47.23.01,14
D.05,"Besicilik, celeplik",besicilik celeplik,A|F|G,"GIDA, TARIM",01.41.31|01.42.09|01.43.01|01.44.01|01.45.01|01.48.02|01.62.01|13.10.08|46.23.01|46.24.01|46.46.04|47.73.02|47.76.04,13
D.06,Bitkisel ürünlerle ilgili faaliyetler,bitkisel ürünlerle ilgili faaliyetler,C|E|F|K,"GIDA, TARIM",01.13.21|01.30.03|01.30.90|01.61.03|01.61.04|01.61.06|01.63.01|01.63.02|01.63.03|01.63.04|01.63.05|01.63.06|01.63.07|01.63.90|02.10.01|02.10.02|02.30.01|02.40.03|12.00.04|46.11.01|46.21.06|46.21.99,22
D.07,Börekçilik,börekçilik,A,"GIDA, TARIM",56.11.07,1
D.08,Çeşitli gıdaların imalatı,çeşitli gıdaların imalatı,D|F|G|K,"GIDA, TARIM",10.31.01|10.31.02|10.39.01|10.39.02|10.39.03|10.39.04|10.39.05|10.39.07|10.81.01|10.84.02|10.84.03|10.84.05|10.85.01|10.86.04|10.89.01|10.89.02|10.89.04|10.89.05|10.89.07|10.89.99,20
D.09,"Değirmencilik, zahirecilik",değirmencilik zahirecilik,D|G|K,"GIDA, TARIM",10.61.01|10.61.02|10.61.05|10.61.06|10.61.07|10.61.08|10.61.90|10.62.01|10.62.04|10.62.05|10.73.03|46.21.02|46.21.03|46.31.08|47.21.04|47.27.06,16
D.10,Dondurmacılık,dondurmacılık,F|J|K,"GIDA, TARIM",10.52.01|10.52.02|46.33.04|47.27.02|56.11.10,5
D.11,"Evcil hayvan bakımı, ticareti",evcil hayvan bakımı ticareti,G|K,"GIDA, TARIM",01.48.03|10.91.01|10.92.01|46.21.01|46.38.02|47.76.01|96.99.04,7
D.12,Fırıncılık,fırıncılık,E|G|K,"GIDA, TARIM",10.61.09|10.71.02|10.71.04|46.36.02|47.24.01|56.11.04,6
D.13,"Gübre, zirai ilaç imalatı, ticareti",gübre zirai ilaç imalatı ticareti,F|G|H,"GIDA, TARIM",20.15.01|20.15.02|20.20.13|20.20.90|46.85.02|46.85.03|46.85.04|46.85.05|47.76.03,9
D.14,Kantincilik,kantincilik,G,"GIDA, TARIM",56.22.01,1
D.15,Kasaplık,kasaplık,E|F|K,"GIDA, TARIM",10.11.01|10.12.01|10.12.02|10.13.01|10.13.02|10.13.03|10.13.04|32.99.99|46.32.01|46.32.02|46.32.03|46.32.04|47.22.02|47.22.05|47.22.06,15
D.16,"Kuruyemiş imalatı, ticareti",kuruyemiş imalatı ticareti,F|K,"GIDA, TARIM",10.39.06|46.31.01|46.31.09|46.31.10|46.31.11|46.31.12|47.21.05,7
D.17,Lokantacılık,lokantacılık,F|K,"GIDA, TARIM",56.11.01|56.11.02|56.11.03|56.11.05|56.11.06|56.11.09|56.11.11|56.11.13|56.11.90|56.21.01|56.22.02|56.22.90,12
D.18,Manavlık,manavlık,H,"GIDA, TARIM",47.21.01,1
D.19,"Meşrubat imalatı, ticareti",meşrubat imalatı ticareti,C|F|K,"GIDA, TARIM",10.32.01|10.32.02|10.51.04|11.01.01|11.01.03|11.02.01|11.02.02|11.03.01|11.04.02|11.05.01|11.06.01|11.07.01|11.07.04|11.07.90|46.17.04|46.34.02,16
D.20,"Pastanecilik, tatlıcılık",pastanecilik tatlıcılık,F|K,"GIDA, TARIM",10.71.01|10.71.03|10.72.01|10.72.02|56.11.08|56.30.08,6
D.21,"Şarküteri ürünleri imalatı, ticareti",şarküteri ürünleri imalatı ticareti,F|H|K,"GIDA, TARIM",10.12.03|10.41.01|10.41.02|10.41.03|10.41.05|10.41.06|10.41.07|10.41.10|10.42.01|10.51.01|10.51.02|10.51.03|10.51.90|10.62.06|46.31.05|46.33.01|46.33.02|46.33.03|47.21.03|47.27.01|47.27.05|47.27.07,22
D.22,"Şekercilik, çikolatacılık",şekercilik çikolatacılık,H,"GIDA, TARIM",10.81.03|10.82.01|10.82.02|10.82.03|10.82.04|10.82.05|10.82.06|10.82.07|46.36.01|47.24.02,10
D.23,Tavukçuluk,tavukçuluk,H,"GIDA, TARIM",01.47.01|01.47.02|01.47.03|01.48.99|10.12.04|46.11.02|46.23.02|47.76.05,8
D.24,"Yaş sebze, meyve ticareti",yaş sebze meyve ticareti,H,"GIDA, TARIM",10.39.99|46.17.02|46.31.02|46.31.03|46.31.04|46.31.06|46.31.90,7
D.25,"Yufkacılık, kadayıfçılık",yufkacılık kadayıfçılık,H,"GIDA, TARIM",10.72.03,1
E.01,Ayakkabıcılık,ayakkabıcılık,H,"GİYİM, DERİ ÜRÜN, EV TEKSTİLİ, DOKUMA",15.20.06|15.20.07|15.20.15|15.20.17|15.20.18|15.20.19|46.42.02|46.42.08|47.63.07|47.72.01|47.72.06|95.23.01|96.99.11,13
E.02,"Çamaşırhane, kuru temizleme, ütücülük hizmetleri",çamaşırhane kuru temizleme ütücülük hizmetleri,H,"GİYİM, DERİ ÜRÜN, EV TEKSTİLİ, DOKUMA",96.10.01|96.10.02|96.10.03,3
E.03,"Deri aksesuar imalatı, ticareti",deri aksesuar imalatı ticareti,H,"GİYİM, DERİ ÜRÜN, EV TEKSTİLİ, DOKUMA",15.12.07|15.12.08|15.12.09|46.16.02|46.49.01|47.72.02|47.72.05|47.72.90,8
E.04,"Deri giyim eşyası imalatı, onarımı",deri giy eşyası imalatı onarımı,H,"GİYİM, DERİ ÜRÜN, EV TEKSTİLİ, DOKUMA",14.24.01|14.24.02|95.29.07,3
E.05,Deri giyim eşyası ticareti,deri giy eşyası ticareti,H,"GİYİM, DERİ ÜRÜN, EV TEKSTİLİ, DOKUMA",46.16.01|46.42.04|47.71.03|47.71.07,4
E.06,Dericilik,dericilik,A|H,"GİYİM, DERİ ÜRÜN, EV TEKSTİLİ, DOKUMA",15.11.10|15.11.11|15.11.13|15.11.14|15.12.99|46.24.02,6
E.07,Dokumacılık,dokumacılık,C|F|H|K,"GİYİM, DERİ ÜRÜN, EV TEKSTİLİ, DOKUMA",13.10.03|13.10.05|13.10.06|13.10.09|13.10.10|13.10.12|13.10.13|13.10.14|13.10.15|13.20.14|13.20.16|13.20.17|13.20.19|13.20.20|13.20.21|13.20.22|13.20.23|13.91.01|13.91.02|13.92.04|13.92.06|13.92.09|13.94.02|13.94.03|13.95.01|13.96.01|13.96.03|13.96.05|13.96.06|13.96.08|13.96.09|13.96.12|13.96.13|17.24.03|20.60.01|20.60.02|22.12.09|33.19.01|46.41.03|46.41.90|47.51.03|47.78.30,42
E.08,"Ev tekstil ürünleri imalatı, ticareti",ev tekstil ürünleri imalatı ticareti,C|G|H,"GİYİM, DERİ ÜRÜN, EV TEKSTİLİ, DOKUMA",13.92.01|13.92.02|13.92.03|13.92.05|13.99.02|13.99.04|46.16.04|46.41.01|47.51.05|47.53.01,10
E.09,Halı yıkama hizmetleri,halı yıkama hizmetleri,C,"GİYİM, DERİ ÜRÜN, EV TEKSTİLİ, DOKUMA",96.10.04,1
E.10,"Halıcılık, kilimcilik",halıcılık kilimcilik,C,"GİYİM, DERİ ÜRÜN, EV TEKSTİLİ, DOKUMA",13.93.01|13.93.02|46.47.02|47.53.02,4
E.11,İkinci el tekstil ürünleri ticareti,ikinci el tekstil ürünleri ticareti,C,"GİYİM, DERİ ÜRÜN, EV TEKSTİLİ, DOKUMA",47.79.06,1
E.12,Konfeksiyonculuk,konfeksiyonculuk,C|F|H,"GİYİM, DERİ ÜRÜN, EV TEKSTİLİ, DOKUMA",14.10.01|14.10.02|14.10.03|14.10.04|14.21.01|14.21.02|14.21.03|14.22.01|14.22.02|14.22.03|14.22.04|14.23.00|14.29.01|14.29.02|14.29.03|14.29.05|32.99.10|46.16.03|46.42.01|46.42.05|47.55.10|47.71.01|47.71.04|47.71.08|47.71.09|47.71.11|47.71.12|47.71.99|77.22.02,29
E.13,Tasarım faaliyetleri,tasar faaliyetleri,H,"GİYİM, DERİ ÜRÜN, EV TEKSTİLİ, DOKUMA",74.14.00,1
E.14,"Tekstil baskıcılığı, boyacılığı",tekstil baskıcılığı boyacılığı,C|H,"GİYİM, DERİ ÜRÜN, EV TEKSTİLİ, DOKUMA",13.30.01|13.30.02|13.30.03|13.30.04|13.30.05|96.10.90,6
E.15,Terzilik,terzilik,H,"GİYİM, DERİ ÜRÜN, EV TEKSTİLİ, DOKUMA",14.10.05|14.21.04|95.29.02,3
E.16,"Tuhafiye imalatı, ticareti",tuhafiye imalatı ticareti,C|H,"GİYİM, DERİ ÜRÜN, EV TEKSTİLİ, DOKUMA",13.96.02|13.96.04|13.96.07|13.99.03|13.99.06|14.29.04|15.12.11|32.99.02|46.21.07|46.41.02|46.41.04|46.42.03|46.42.06|46.86.04|47.51.02|47.51.04|47.51.90|47.71.02|47.71.05|47.78.16,20
F.01,"Arzuhalcilik, danışmanlık, bilgi hizmetleri",arzuhalcilik danışmanlık bilgi hizmetleri,H,"HEDİYELİK EŞYA, EĞİTİM, BASIM, FOTOĞRAF, ÇEŞİTLİ MALLAR",63.92.00|70.20.01|70.20.02|73.20.03|74.99.03|78.10.01|78.20.02|82.10.01|82.10.02|82.20.01|82.99.99|96.99.08|96.99.13,13
F.02,"Basın, yayım, iletişim",basın yay iletiş,H,"HEDİYELİK EŞYA, EĞİTİM, BASIM, FOTOĞRAF, ÇEŞİTLİ MALLAR",58.11.01|58.11.03|58.11.04|58.12.00|58.13.02|58.13.03|58.13.90|59.12.01|59.20.01|59.20.02|59.20.06|60.10.09|60.20.00|74.20.28,14
F.03,Bireysel sanatkârlık faaliyetleri,bireysel sanatk rlık faaliyetleri,H,"HEDİYELİK EŞYA, EĞİTİM, BASIM, FOTOĞRAF, ÇEŞİTLİ MALLAR",90.11.00|90.12.00|90.13.00,3
F.04,Çeşitli malların ticareti,çeşitli malların ticareti,C|H,"HEDİYELİK EŞYA, EĞİTİM, BASIM, FOTOĞRAF, ÇEŞİTLİ MALLAR",46.19.01|46.42.07|46.49.99|46.86.99|46.90.01|46.90.04|47.12.01|47.55.99|47.78.99|96.99.10,10
F.05,Çiçekçilik,çiçekçilik,F|H,"HEDİYELİK EŞYA, EĞİTİM, BASIM, FOTOĞRAF, ÇEŞİTLİ MALLAR",01.19.02|46.21.08|46.22.01|47.76.02|47.78.26,5
F.06,Fatura tahsilat bürosu işletmeciliği,fatura tahsilat bürosu işletmeciliği,H,"HEDİYELİK EŞYA, EĞİTİM, BASIM, FOTOĞRAF, ÇEŞİTLİ MALLAR",82.91.00,1
F.07,Fotoğrafçılık,fotoğrafçılık,H,"HEDİYELİK EŞYA, EĞİTİM, BASIM, FOTOĞRAF, ÇEŞİTLİ MALLAR",46.43.10|47.78.22|74.20.22|74.20.25|74.20.26|74.20.27|74.20.29|74.20.90,8
F.08,"Fotokopicilik, tez yazımı",fotokopicilik tez yazımı,H,"HEDİYELİK EŞYA, EĞİTİM, BASIM, FOTOĞRAF, ÇEŞİTLİ MALLAR",18.12.08,1
F.09,"Hediyelik eşya imalatı, ticareti",hediyelik eşya imalatı ticareti,A|H,"HEDİYELİK EŞYA, EĞİTİM, BASIM, FOTOĞRAF, ÇEŞİTLİ MALLAR",23.15.04|23.41.02|23.70.02|32.13.01|32.99.15|32.99.18|46.49.12|47.78.04,8
F.10,"Kağıt, kağıt ürünleri imalatı, ticareti",kağıt kağıt ürünleri imalatı ticareti,A|F|H,"HEDİYELİK EŞYA, EĞİTİM, BASIM, FOTOĞRAF, ÇEŞİTLİ MALLAR",17.11.08|17.12.07|17.21.10|17.21.11|17.21.12|17.21.13|17.22.03|17.23.04|17.23.06|17.23.07|17.23.08|17.23.09|17.25.01|17.25.02|17.25.03|17.25.99|46.18.04|46.86.03,18
F.11,"Kauçuk, plastik ürünlerin imalatı, ticareti",kauçuk plastik ürünlerin imalatı ticareti,E|F|G|H|K,"HEDİYELİK EŞYA, EĞİTİM, BASIM, FOTOĞRAF, ÇEŞİTLİ MALLAR",15.12.10|19.20.17|20.17.01|22.12.01|22.12.02|22.12.03|22.12.04|22.12.05|22.12.06|22.12.07|22.12.10|22.12.11|22.21.03|22.21.04|22.22.43|22.24.02|22.24.03|22.26.01|22.26.02|22.26.03|22.26.04|22.26.05|22.26.06|22.26.99|30.11.05|31.00.09|32.91.01|32.91.99|32.99.01|46.49.17|46.86.01|46.86.02,32
F.12,"Kırtasiye imalatı, ticareti",kırtasiye imalatı ticareti,A|E|F|G|K,"HEDİYELİK EŞYA, EĞİTİM, BASIM, FOTOĞRAF, ÇEŞİTLİ MALLAR",20.59.05|25.99.04|32.99.04|32.99.08|46.49.03|46.49.24|47.62.01|47.78.08,8
F.13,Kitapçılık,kitapçılık,D|F|H,"HEDİYELİK EŞYA, EĞİTİM, BASIM, FOTOĞRAF, ÇEŞİTLİ MALLAR",46.49.11|47.61.00|47.79.03,3
F.14,Kreş işletmeciliği,kreş işletmeciliği,H,"HEDİYELİK EŞYA, EĞİTİM, BASIM, FOTOĞRAF, ÇEŞİTLİ MALLAR",85.10.02|88.91.01,2
F.15,Kurs işletmeciliği,kurs işletmeciliği,C|H,"HEDİYELİK EŞYA, EĞİTİM, BASIM, FOTOĞRAF, ÇEŞİTLİ MALLAR",85.32.15|85.32.16|85.32.90|85.52.05|85.53.01|85.59.03|85.59.05|85.59.06|85.59.09|85.59.10|85.59.12|85.59.15|85.59.16|85.59.99|85.69.00,15
F.16,Matbaacılık,matbaacılık,C|H,"HEDİYELİK EŞYA, EĞİTİM, BASIM, FOTOĞRAF, ÇEŞİTLİ MALLAR",13.30.06|18.11.01|18.12.01|18.12.02|18.12.03|18.12.04|18.12.06|18.12.07|18.13.01|18.13.02|18.14.01|58.19.99,12
F.17,"Müzik aletleri imalatı, onarımı, ticareti",müzik aletleri imalatı onarımı ticareti,C|E|G|H,"HEDİYELİK EŞYA, EĞİTİM, BASIM, FOTOĞRAF, ÇEŞİTLİ MALLAR",32.20.21|32.20.23|32.20.24|32.20.25|32.20.26|32.20.27|32.20.28|32.20.90|32.20.99|46.49.06|47.69.01|77.22.03|95.29.06,13
F.18,"Oyuncak imalatı, ticareti",oyuncak imalatı ticareti,C|H,"HEDİYELİK EŞYA, EĞİTİM, BASIM, FOTOĞRAF, ÇEŞİTLİ MALLAR",32.40.03|32.40.04|32.40.05|32.40.09|32.40.10|32.40.99|46.18.01|46.49.04|47.64.08,9
F.19,"Reklamcılık, tabelacılık",reklamcılık tabelacılık,C|D|H,"HEDİYELİK EŞYA, EĞİTİM, BASIM, FOTOĞRAF, ÇEŞİTLİ MALLAR",25.99.14|27.40.06|27.90.06|73.11.01|74.12.00,5
F.20,"Sanat eseri, antika ticareti",sanat eseri antika ticareti,C|H|J|K,"HEDİYELİK EŞYA, EĞİTİM, BASIM, FOTOĞRAF, ÇEŞİTLİ MALLAR",47.69.03|47.79.01|90.31.00|91.30.00,4
F.21,Tercümanlık,tercümanlık,H,"HEDİYELİK EŞYA, EĞİTİM, BASIM, FOTOĞRAF, ÇEŞİTLİ MALLAR",74.30.12,1
F.22,"Züccaciye imalatı, ticareti",züccaciye imalatı ticareti,H|K,"HEDİYELİK EŞYA, EĞİTİM, BASIM, FOTOĞRAF, ÇEŞİTLİ MALLAR",23.13.01|23.13.02|23.41.01|23.41.03|23.41.04|23.45.01|23.45.99|46.15.90|46.44.01|46.49.07|47.55.01|47.55.05,12
G.01,Alternatif tedavi merkezi işletmeciliği,alternatif tedavi merkezi işletmeciliği,K,"KUAFÖR, BERBER, TEMİZLİK, SPOR, KOZMETİK, SAĞLIK",86.95.00|86.96.00|86.99.99,3
G.02,Cenaze hizmetleri,cenaze hizmetleri,K,"KUAFÖR, BERBER, TEMİZLİK, SPOR, KOZMETİK, SAĞLIK",96.30.01,1
G.03,Diş laboratuvarlarının faaliyetleri,diş laboratuvarlarının faaliyetleri,K,"KUAFÖR, BERBER, TEMİZLİK, SPOR, KOZMETİK, SAĞLIK",32.50.03|32.50.06,2
G.04,Dövme salonu işletmeciliği,dövme salonu işletmeciliği,C,"KUAFÖR, BERBER, TEMİZLİK, SPOR, KOZMETİK, SAĞLIK",96.99.99,1
G.05,Erkek berberliği,erkek berberliği,K,"KUAFÖR, BERBER, TEMİZLİK, SPOR, KOZMETİK, SAĞLIK",96.21.02,1
G.06,"Genel temizlik, haşere kontrol faaliyetleri",genel temizlik haşere kontrol faaliyetleri,C|H|K,"KUAFÖR, BERBER, TEMİZLİK, SPOR, KOZMETİK, SAĞLIK",81.21.01|81.22.03|81.22.04|81.22.05|81.22.99|81.23.01|81.23.99,7
G.07,Güzellik salonu işletmeciliği,güzellik salonu işletmeciliği,C|K,"KUAFÖR, BERBER, TEMİZLİK, SPOR, KOZMETİK, SAĞLIK",96.22.01|96.22.02|96.22.03,3
G.08,Hasta bakıcılığı,hasta bakıcılığı,A|H|K,"KUAFÖR, BERBER, TEMİZLİK, SPOR, KOZMETİK, SAĞLIK",86.94.01|86.94.02|87.10.01|87.20.02|87.30.02|88.10.02|88.99.07|88.99.09|88.99.99|96.99.01,10
G.09,Kadın kuaförlüğü,kadın kuaförlüğü,K,"KUAFÖR, BERBER, TEMİZLİK, SPOR, KOZMETİK, SAĞLIK",96.21.01,1
G.10,"Kaplıca, hamam işletmeciliği",kaplıca hamam işletmeciliği,H|K,"KUAFÖR, BERBER, TEMİZLİK, SPOR, KOZMETİK, SAĞLIK",96.23.01|96.23.02|96.23.03,3
G.11,"Kozmetik imalatı, ticareti",kozmetik imalatı ticareti,H|J|K,"KUAFÖR, BERBER, TEMİZLİK, SPOR, KOZMETİK, SAĞLIK",20.42.01|20.42.02|20.42.03|20.42.04|20.59.19|32.91.03|32.99.06|46.18.02|46.45.01|46.49.22|47.75.01,11
G.12,"Optik ürünlerin imalatı, ticareti",optik ürünlerin imalatı ticareti,A|D|K,"KUAFÖR, BERBER, TEMİZLİK, SPOR, KOZMETİK, SAĞLIK",26.70.11|32.50.04|33.13.03|46.43.11|47.74.02|47.78.07,6
G.13,"Spor malzemeleri imalatı, ticareti",spor malzemeleri imalatı ticareti,A|C|D|E|F|G|H|K,"KUAFÖR, BERBER, TEMİZLİK, SPOR, KOZMETİK, SAĞLIK",13.96.10|13.96.11|32.30.17|32.30.18|32.30.19|32.30.20|32.30.21|46.49.02|46.49.09|47.63.03|47.63.05|47.63.08|47.63.90|77.21.02|77.21.04|77.21.90|77.39.03|95.29.03,18
G.14,Spor tesisi işletmeciliği,spor tesisi işletmeciliği,D|F|H,"KUAFÖR, BERBER, TEMİZLİK, SPOR, KOZMETİK, SAĞLIK",85.51.03|93.11.01|93.13.01|93.19.03|93.19.99,5
G.15,"Temizlik malzemeleri imalatı, ticareti",temizlik malzemeleri imalatı ticareti,D|E|F,"KUAFÖR, BERBER, TEMİZLİK, SPOR, KOZMETİK, SAĞLIK",17.22.02|17.22.04|20.13.04|20.20.11|20.20.15|20.20.16|20.41.01|20.41.04|20.41.06|46.44.02|46.44.04|46.45.02|46.49.08|47.55.11|47.78.15,15
G.16,"Tıbbi malzemelerin imalatı, ticareti",tıbbi malzemelerin imalatı ticareti,D,"KUAFÖR, BERBER, TEMİZLİK, SPOR, KOZMETİK, SAĞLIK",20.59.07|21.20.02|22.12.08|26.60.01|32.50.02|32.50.07|32.50.14|32.50.15|32.50.90|32.99.09|46.18.03|46.46.01|46.46.03|47.74.01,14
G.17,Tuvalet işletmeciliği,tuvalet işletmeciliği,D,"KUAFÖR, BERBER, TEMİZLİK, SPOR, KOZMETİK, SAĞLIK",96.99.07,1
H.01,Alüminyum ürün imalatı,alümin ürün imalatı,D,"METAL, OTOMOTİV, MAKİNE",24.42.16|24.42.18|24.42.21|25.12.04|25.92.03|25.99.01,6
H.02,"At arabası imalatı, onarımı",at arabası imalatı onarımı,D,"METAL, OTOMOTİV, MAKİNE",30.99.02|33.17.99,2
H.03,Bakırcılık,bakırcılık,D,"METAL, OTOMOTİV, MAKİNE",24.44.01|24.44.03|24.44.04|25.99.06|25.99.18|47.55.13,6
H.04,Çilingirlik,çilingirlik,E,"METAL, OTOMOTİV, MAKİNE",25.62.04|80.09.01|95.29.04,3
H.05,"Demir, çelik eşya imalatı, ticareti",demir çelik eşya imalatı ticareti,A|C|D|E|F|G|H,"METAL, OTOMOTİV, MAKİNE",24.10.02|24.10.03|24.10.05|24.10.06|24.10.07|24.10.08|24.10.09|24.10.10|24.10.12|24.20.09|24.20.10|24.31.01|24.32.01|24.33.01|24.34.01|24.43.04|24.43.07|24.45.06|24.51.13|25.11.06|25.11.07|25.11.08|25.12.05|25.12.06|25.21.10|25.21.13|25.22.01|25.22.02|25.30.03|25.61.04|25.61.05|25.61.06|25.61.07|25.61.08|25.63.04|25.91.01|25.92.01|25.92.02|25.93.01|25.93.02|25.93.03|25.94.01|25.94.02|25.99.03|25.99.05|25.99.15|25.99.21|25.99.99|28.21.11|28.29.07|29.20.03|32.50.05|33.11.01|33.11.02|33.11.03|33.11.04|33.11.10|43.24.03|43.32.02|43.42.01|43.50.01|46.64.10|46.64.14|46.82.04|46.83.13|46.84.04|47.52.05|47.52.13|47.52.15|47.69.99,70
H.06,"Deniz taşıtları imalatı, onarımı, ticareti",deniz taşıtları imalatı onarımı ticareti,A|H|J|K,"METAL, OTOMOTİV, MAKİNE",25.99.08|30.11.07|30.12.01|30.12.03|30.12.04|33.15.00|33.19.02|46.49.26|47.63.02,9
H.07,Dökümcülük,dökümcülük,A|H|K,"METAL, OTOMOTİV, MAKİNE",24.45.01|24.45.02|24.52.20|24.53.01|24.54.02|24.54.90|25.63.01|25.63.02|25.99.12,9
H.08,"Ev aletleri imalatı, onarımı, ticareti",ev aletleri imalatı onarımı ticareti,A|K,"METAL, OTOMOTİV, MAKİNE",27.52.05|27.52.06|47.55.09|95.22.02,4
H.09,Hurdacılık,hurdacılık,A|D|H|K,"METAL, OTOMOTİV, MAKİNE",38.11.01|38.11.03|38.12.01|38.21.02|38.21.03|38.21.04|38.21.05|38.22.00|38.23.00|38.31.00|38.32.03|38.32.04|38.33.00|46.87.01|46.87.02,15
H.10,"İklimlendirme, soğutma sistemi imalatı, kurulumu, onarımı",iklimlendirme soğutma sistemi imalatı kurulumu onarımı,D|E|F|H,"METAL, OTOMOTİV, MAKİNE",28.21.10|28.25.01|28.25.02|28.25.03|29.32.24|33.12.06|33.20.45|35.30.21|43.22.06|43.22.07,10
H.11,"Kalaycılık, kaplamacılık",kalaycılık kaplamacılık,D|F|I,"METAL, OTOMOTİV, MAKİNE",24.43.01|24.43.02|24.43.05|24.43.06|24.43.08|25.51.01|25.51.02|25.51.09|25.52.00,9
H.12,"Karoser imalatı, kaportacılık",karoser imalatı kaportacılık,D|I,"METAL, OTOMOTİV, MAKİNE",29.20.01|29.20.02|29.20.04|29.20.05|29.20.06|30.99.99|33.12.30|95.31.04,8
H.13,Kuyumculuk,kuyumculuk,D|I,"METAL, OTOMOTİV, MAKİNE",08.99.03|24.41.16|24.41.17|24.41.18|24.41.19|32.12.01|32.12.04|32.12.90|32.99.03|46.48.01|46.82.02|47.77.01|47.77.02|47.77.05|95.25.02,15
H.14,"Makine kurulumu, onarımı",makine kurulumu onarımı,A|C|D|E|F|G|H|I|J|K,"METAL, OTOMOTİV, MAKİNE",27.90.01|28.11.08|28.11.09|28.11.10|28.12.05|28.13.01|28.13.02|28.13.03|28.15.01|28.15.02|28.15.03|28.15.04|28.21.07|28.21.99|28.22.10|28.22.11|28.24.01|28.29.10|28.29.90|28.30.08|28.30.09|28.30.11|28.30.12|28.30.13|28.30.14|28.30.15|28.30.16|28.30.90|28.41.01|28.41.03|28.41.07|28.41.90|28.42.01|28.42.02|28.42.03|28.42.99|28.91.01|28.91.02|28.92.01|28.92.03|28.92.05|28.92.11|28.93.02|28.93.03|28.93.04|28.93.06|28.93.07|28.93.08|28.93.09|28.93.10|28.93.99|28.94.01|28.94.02|28.94.03|28.94.04|28.94.05|28.94.06|28.94.08|28.94.09|28.95.01|28.96.01|28.99.01|28.99.05|28.99.08|28.99.99|32.40.02|32.40.06|33.11.99|33.12.02|33.12.03|33.12.04|33.12.05|33.12.08|33.12.10|33.12.11|33.12.12|33.12.13|33.12.14|33.12.15|33.12.16|33.12.17|33.12.19|33.12.21|33.12.27|33.12.28|33.12.29|33.12.99|33.19.99|33.20.36|33.20.46|33.20.52|33.20.90,92
H.15,"Makine, yedek parça ticareti",makine yedek parça ticareti,D|E|F|G|I,"METAL, OTOMOTİV, MAKİNE",46.14.02|46.43.12|46.61.02|46.61.03|46.62.01|46.62.02|46.64.05|46.64.06|46.64.11|46.64.12|46.64.16|46.64.99|46.84.03|47.52.23|77.31.01,15
H.16,"Motosiklet, bisiklet imalatı, onarımı",motosiklet bisiklet imalatı onarımı,A|F|H|I,"METAL, OTOMOTİV, MAKİNE",30.91.02|30.92.01|30.92.02|30.92.05|30.99.01|95.29.05|95.32.00,7
H.17,"Motosiklet, bisiklet ticareti",motosiklet bisiklet ticareti,F|G|H|J,"METAL, OTOMOTİV, MAKİNE",46.18.09|46.73.25|47.63.04|47.83.01|47.83.02,5
H.18,Oto bakım servisçiliği,oto bak servisçiliği,E|F,"METAL, OTOMOTİV, MAKİNE",33.12.09|71.20.12|95.31.01,3
H.19,Oto boyacılık,oto boyacılık,E,"METAL, OTOMOTİV, MAKİNE",95.31.05,1
H.20,Oto döşemecilik,oto döşemecilik,A|F,"METAL, OTOMOTİV, MAKİNE",29.32.22|30.11.06|95.31.07,3
H.21,Oto elektrikçilik,oto elektrikçilik,F,"METAL, OTOMOTİV, MAKİNE",95.31.06,1
H.22,Oto lastik onarımı,oto lastik onarımı,A|E,"METAL, OTOMOTİV, MAKİNE",22.11.19|95.31.02,2
H.23,Oto lastik ticareti,oto lastik ticareti,A|J,"METAL, OTOMOTİV, MAKİNE",46.72.13|47.82.04,2
H.24,Oto LPG montajı,oto lpg montajı,J,"METAL, OTOMOTİV, MAKİNE",95.31.08,1
H.25,Oto yedek parça imalatı,oto yedek parça imalatı,H,"METAL, OTOMOTİV, MAKİNE",28.29.18|29.31.90|29.32.20|29.32.21|30.92.03|30.92.04,6
H.26,Oto yedek parça ticareti,oto yedek parça ticareti,A|C|H|J,"METAL, OTOMOTİV, MAKİNE",46.18.08|46.72.12|46.72.14|47.30.02|47.82.05|47.82.06|47.82.07|47.82.08|47.82.90,9
H.27,"Oto yıkama, yağlama",oto yıkama yağlama,J,"METAL, OTOMOTİV, MAKİNE",95.31.03,1
H.28,Saatçilik,saatçilik,J,"METAL, OTOMOTİV, MAKİNE",23.15.08|26.52.03|26.52.04|46.48.02|47.77.03|95.25.01|95.25.03,7
H.29,"Soba, banyo kazanı, şofben imalatı, onarımı, ticareti",soba banyo kazanı şofben imalatı onarımı ticareti,J,"METAL, OTOMOTİV, MAKİNE",27.52.02|95.22.03,2
H.30,Tenekecilik,tenekecilik,J,"METAL, OTOMOTİV, MAKİNE",25.99.13|43.41.00,2
H.31,Tornacılık,tornacılık,J,"METAL, OTOMOTİV, MAKİNE",25.40.04|25.40.05|25.53.01|25.53.02|25.53.03|28.14.01|28.14.02,7
H.32,Tüp gaz bayiliği,tüp gaz bayiliği,J,"METAL, OTOMOTİV, MAKİNE",47.78.10,1
I.01,"Pazarda ayakkabı, tekstil ürünleri ticareti",pazarda ayakkabı tekstil ürünleri ticareti,J,"PAZAR, SEYYAR",47.51.06|47.71.13,2
I.02,"Pazarda bitki, hayvan, su ürünleri ticareti",pazarda bitki hayvan su ürünleri ticareti,J,"PAZAR, SEYYAR",47.23.02|47.76.06|47.76.07,3
I.03,Pazarda çeşitli malların ticareti,pazarda çeşitli malların ticareti,J,"PAZAR, SEYYAR",47.12.03|47.52.24|47.52.25|47.53.04|47.55.12|47.64.09|47.75.02,7
I.04,"Pazarda sebze, meyve ticareti",pazarda sebze meyve ticareti,J,"PAZAR, SEYYAR",47.21.06,1
I.05,"Pazarda yiyecek, içecek ticareti",pazarda yiyecek içecek ticareti,J,"PAZAR, SEYYAR",47.11.03|47.22.07|47.24.03|47.24.04|47.27.09|47.27.10,6
I.06,Seyyar satıcılık,seyyar satıcılık,J,"PAZAR, SEYYAR",47.11.04|47.11.06|47.12.02|47.51.07|56.12.00,5
J.01,Akaryakıt ticareti,akaryakıt ticareti,B|J,ULAŞTIRMA HİZMETLERİ,20.51.24|46.81.01|47.30.01|47.78.09,4
J.02,"Durak, otopark işletmeciliği",durak otopark işletmeciliği,B,ULAŞTIRMA HİZMETLERİ,52.21.07|52.21.09|52.21.10|52.21.90|96.99.05,5
J.03,Faytonculuk,faytonculuk,B,ULAŞTIRMA HİZMETLERİ,49.39.00,1
J.04,İş makinesi işletmeciliği,iş makinesi işletmeciliği,B|D,ULAŞTIRMA HİZMETLERİ,01.61.02|37.00.01|43.99.04|77.32.01,4
J.05,Kara yolu ile yük taşımacılığı,kara yolu ile yük taşımacılığı,D,ULAŞTIRMA HİZMETLERİ,49.41.01|49.41.02|49.41.03|49.41.05|49.41.06|49.41.08|49.41.09|49.41.10|49.41.90|49.42.01,10
J.06,Minibüsçülük,minibüsçülük,D|I,ULAŞTIRMA HİZMETLERİ,49.31.06|49.31.90,2
J.07,Nakliyat komisyonculuğu,nakliyat komisyonculuğu,D,ULAŞTIRMA HİZMETLERİ,52.26.03|52.31.02,2
J.08,"Oto galericilik, oto kiralama",oto galericilik oto kiralama,B|D,ULAŞTIRMA HİZMETLERİ,47.81.14|47.81.90|49.32.04|49.33.02|77.11.01|77.12.01,6
J.09,Oto kurtarıcılık,oto kurtarıcılık,D,ULAŞTIRMA HİZMETLERİ,52.21.04,1
J.10,Otobüsçülük,otobüsçülük,B|F,ULAŞTIRMA HİZMETLERİ,49.31.04|49.31.07|49.31.08,3
J.11,Özel ambulans işletmeciliği,özel ambulans işletmeciliği,F,ULAŞTIRMA HİZMETLERİ,86.92.00,1
J.12,Servis aracı işletmeciliği,servis aracı işletmeciliği,F,ULAŞTIRMA HİZMETLERİ,49.31.09|49.31.10,2
J.13,Su yolu taşımacılığı,su yolu taşımacılığı,B|C|F,ULAŞTIRMA HİZMETLERİ,50.10.12|50.10.13|50.10.14|50.10.15|50.10.90|50.30.08|50.30.09|50.40.05|50.40.07|50.40.08|52.22.90|77.34.01,12
J.14,Taksicilik,taksicilik,C,ULAŞTIRMA HİZMETLERİ,49.33.01,1
J.15,"Trafik müşavirliği, iş takipçiliği",trafik müşavirliği iş takipçiliği,C,ULAŞTIRMA HİZMETLERİ,82.99.04|82.99.08,2
J.16,Yük taşımacılığını destekleyici faaliyetler,yük taşımacılığını destekleyici faaliyetler,B|C|F|H|J|K,ULAŞTIRMA HİZMETLERİ,52.10.02|52.10.03|52.10.05|52.10.90|52.21.06|52.24.08|52.24.10|52.24.11|52.25.99|52.26.99|53.20.08|53.20.09|53.20.10|69.10.10|73.11.03|82.92.01|82.92.05|96.99.02,18
K.01,"Boya, kimyasal ürünlerin imalatı",boya kimyasal ürünlerin imalatı,A|B|C|E|F|G|H|J,YAPI SANATLARI,20.11.01|20.12.01|20.12.02|20.13.02|20.13.03|20.13.90|20.13.99|20.14.00|20.16.01|20.16.02|20.16.03|20.16.04|20.16.05|20.30.11|20.30.12|20.30.15|20.30.16|20.30.17|20.30.90|20.59.01|20.59.02|20.59.04|20.59.08|20.59.09|20.59.10|20.59.12|20.59.15|20.59.17|20.59.20|20.59.99|32.99.17,31
K.02,"Boya, kimyasal ürünlerin ticareti",boya kimyasal ürünlerin ticareti,B|F,YAPI SANATLARI,46.83.04|46.85.01|47.52.03,3
K.03,Camcılık,camcılık,B|C|F|G|H|K,YAPI SANATLARI,23.11.01|23.12.01|23.12.03|23.12.04|23.14.01|23.15.01|23.15.02|23.15.05|23.15.06|23.15.07|23.15.99|43.34.02|46.83.03|47.52.04,14
K.04,"Çevre düzenleme, peyzaj faaliyetleri",çevre düzenleme peyzaj faaliyetleri,F,YAPI SANATLARI,81.30.06,1
K.05,Emlakçılık,emlakçılık,B|F|J,YAPI SANATLARI,68.31.01|68.32.01|68.32.02|68.32.03|68.32.04|81.10.01,6
K.06,Hırdavatçılık,hırdavatçılık,F|J,YAPI SANATLARI,46.15.02|46.84.01|46.84.02|46.84.05|47.52.02|47.52.06,6
K.07,İnşaat malzemeleri imalatı,inşaat malzemeleri imalatı,B|F|G|J,YAPI SANATLARI,17.24.02|20.59.18|22.24.01|22.24.04|22.24.99|23.15.03|23.20.16|23.20.17|23.20.19|23.20.20|23.31.01|23.32.02|23.32.03|23.42.01|23.44.01|23.52.01|23.52.02|23.61.01|23.61.02|23.62.01|23.63.01|23.64.01|23.65.02|23.66.00|23.91.01|23.91.02|23.99.01|23.99.02|23.99.05|23.99.07|23.99.99|25.99.02|32.91.02,33
K.08,İnşaat malzemeleri ticareti,inşaat malzemeleri ticareti,B|F|G,YAPI SANATLARI,46.13.01|46.83.01|46.83.05|46.83.08|46.83.10|46.83.15|46.83.17|46.83.18|46.83.19|46.83.99|47.52.01|47.52.11|47.52.16|47.52.20|47.52.21|47.52.99|47.53.03,17
K.09,İnşaatçılık,inşaatçılık,A|B|C|E|F|G|H,YAPI SANATLARI,08.11.04|23.70.01|38.11.02|41.00.01|41.00.02|41.00.03|41.00.04|42.11.02|43.11.01|43.12.00|43.23.01|43.23.02|43.24.99|43.31.01|43.32.03|43.33.01|43.33.99|43.34.01|43.34.03|43.35.00|43.42.02|43.42.03|43.50.02|43.50.05|43.91.00|43.99.05|43.99.07|43.99.13|43.99.99|46.83.07|46.83.09|47.52.19,32
K.10,"Mermer, taş, kum ocakçılığı",mermer taş kum ocakçılığı,E|G|H,YAPI SANATLARI,08.11.01|08.11.02|08.11.03|08.11.05|08.11.06|08.11.07|08.12.01|08.12.02|08.91.05|08.93.01|08.93.02|08.99.04,12
K.11,"Prefabrik yapıların imalatı, kurulumu, ticareti",prefabrik yapıların imalatı kurulumu ticareti,D|G|J,YAPI SANATLARI,16.23.02|22.24.05|23.61.03|41.00.05|43.50.04|43.50.06|46.83.16|46.83.21|46.83.22|47.52.18,10
K.12,PVC ürün imalatı,pvc ürün imalatı,F,YAPI SANATLARI,22.23.08,1
K.13,PVC ürün ticareti,pvc ürün ticareti,E|F,YAPI SANATLARI,46.83.11|47.52.09,2
K.14,Sıhhi tesisatçılık,sıhhi tesisatçılık,B|F,YAPI SANATLARI,43.22.03|43.22.05,2
K.15,Sondajcılık,sondajcılık,B|G,YAPI SANATLARI,42.21.02|43.13.01,2
